image_name,label,class_id,score,box_coord
image_0001.jpg,umbrella,38,0.99,"[[2216.321044921875, 2221.966064453125, 188.23876953125, 148.48291015625]]"
image_0001.jpg,hand_palm,10,0.99,"[[1459.3955078125, 2788.5859375, 190.554931640625, 150.293212890625]]"
image_0001.jpg,ladder,16,0.99,"[[1079.9134521484375, 2032.8150634765625, 188.52008056640625, 148.570068359375]]"
image_0001.jpg,lotus,18,0.97,"[[1458.65087890625, 2411.3408203125, 185.819091796875, 149.823974609375]]"
image_0001.jpg,nepali_small_basket,26,0.97,"[[701.5966796875, 2411.0908203125, 188.59967041015625, 149.281005859375]]"
image_0001.jpg,heart,11,0.96,"[[702.0723876953125, 2788.195068359375, 190.6676025390625, 148.9970703125]]"
image_0001.jpg,sheep,30,0.96,"[[1079.1416015625, 2410.8056640625, 185.8575439453125, 148.693115234375]]"
image_0001.jpg,water_glass,40,0.95,"[[326.4134216308594, 2788.659912109375, 187.89585876464844, 148.71875]]"
image_0001.jpg,dog,7,0.95,"[[1832.371337890625, 1654.233154296875, 184.543212890625, 150.224609375]]"
image_0001.jpg,wooden_wheel,43,0.95,"[[1080.0367431640625, 2788.451171875, 188.93646240234375, 148.32275390625]]"
image_0001.jpg,star,31,0.94,"[[1838.32177734375, 2600.750244140625, 189.4873046875, 150.23193359375]]"
image_0001.jpg,namaste,21,0.94,"[[1461.948974609375, 1653.9990234375, 190.858642578125, 148.1229248046875]]"
image_0001.jpg,cycle,5,0.94,"[[326.5370178222656, 2599.5244140625, 189.88365173339844, 147.07958984375]]"
image_0001.jpg,nepali_madal,25,0.92,"[[1078.9012451171875, 2221.67919921875, 188.87579345703125, 148.694091796875]]"
image_0001.jpg,balance,0,0.91,"[[2216.6640625, 2788.13134765625, 189.01416015625, 148.10400390625]]"
image_0001.jpg,roaster,29,0.91,"[[2217.634765625, 1844.1337890625, 191.398681640625, 149.5850830078125]]"
image_0001.jpg,tree,36,0.9,"[[327.64361572265625, 1843.062744140625, 189.0640411376953, 149.7008056640625]]"
image_0001.jpg,lock,17,0.88,"[[1459.822509765625, 2033.7764892578125, 188.4571533203125, 149.033935546875]]"
image_0001.jpg,sun,33,0.88,"[[1078.438720703125, 2600.8427734375, 184.64166259765625, 147.699951171875]]"
image_0001.jpg,hoe,12,0.85,"[[324.9344177246094, 2410.685546875, 188.34521484375, 149.490478515625]]"
image_0001.jpg,torch_light,35,0.83,"[[2215.81201171875, 2600.49462890625, 187.688232421875, 146.940673828125]]"
image_0001.jpg,bus,1,0.81,"[[327.14471435546875, 2033.511962890625, 188.204345703125, 147.7132568359375]]"
image_0001.jpg,candle_light,2,0.79,"[[1836.311767578125, 1844.1214599609375, 190.7164306640625, 150.926025390625]]"
image_0001.jpg,loud_speaker,19,0.75,"[[1836.337646484375, 2032.4659423828125, 190.7899169921875, 149.532958984375]]"
image_0001.jpg,valid_stamp,39,0.74,"[[2338.82177734375, 1648.4923095703125, 147.573486328125, 151.183837890625]]"
image_0001.jpg,dog,7,0.69,"[[702.6045532226562, 2600.7373046875, 190.3551025390625, 147.462646484375]]"
image_0001.jpg,key,15,0.67,"[[1459.4320068359375, 2599.29052734375, 186.659423828125, 146.596923828125]]"
image_0001.jpg,tiger,34,0.66,"[[1461.62548828125, 1843.820556640625, 190.5347900390625, 150.6943359375]]"
image_0001.jpg,computer,3,0.64,"[[1837.2301025390625, 2790.884765625, 190.0517578125, 147.481689453125]]"
image_0001.jpg,pen,28,0.64,"[[703.2144775390625, 1842.996826171875, 191.41925048828125, 150.1568603515625]]"
image_0001.jpg,mother_and_child,20,0.62,"[[1837.2576904296875, 2222.12353515625, 189.8173828125, 149.763427734375]]"
image_0001.jpg,conch,4,0.62,"[[324.71014404296875, 1654.864501953125, 187.51263427734375, 146.7786865234375]]"
image_0001.jpg,nepali_madal,25,0.54,"[[326.16387939453125, 2033.311279296875, 186.61439514160156, 147.3509521484375]]"
image_0001.jpg,stick,32,0.49,"[[2217.45703125, 2411.11376953125, 191.59716796875, 151.319580078125]]"
image_0001.jpg,house,13,0.45,"[[1081.522705078125, 1843.673828125, 190.1236572265625, 150.6470947265625]]"
image_0001.jpg,water_jug,41,0.39,"[[2215.74658203125, 2033.071533203125, 189.329833984375, 145.8587646484375]]"
image_0001.jpg,cycle,5,0.39,"[[2215.61376953125, 1653.662353515625, 192.367919921875, 151.7677001953125]]"
image_0001.jpg,turtle,37,0.38,"[[1837.9940185546875, 2410.73779296875, 190.2431640625, 148.569091796875]]"
image_0001.jpg,torch_light,35,0.38,"[[705.0890502929688, 1843.239501953125, 191.935302734375, 149.8482666015625]]"
image_0001.jpg,nepali_cap,23,0.35,"[[701.1753540039062, 2221.63134765625, 187.5682373046875, 148.7744140625]]"
image_0001.jpg,computer,3,0.33,"[[702.5850830078125, 2032.798828125, 190.57904052734375, 148.4080810546875]]"
image_0001.jpg,nepali_jug,24,0.32,"[[703.3635864257812, 2033.08203125, 191.68798828125, 147.6104736328125]]"
image_0001.jpg,wooden_wheel,43,0.3,"[[1459.8167724609375, 2221.8359375, 188.04150390625, 148.0419921875]]"
image_0002.jpg,dog,7,0.99,"[[1077.142333984375, 2788.31005859375, 185.05194091796875, 148.9775390625]]"
image_0002.jpg,umbrella,38,0.99,"[[1081.15283203125, 2033.3857421875, 188.0828857421875, 146.7440185546875]]"
image_0002.jpg,cycle,5,0.99,"[[2214.947509765625, 2600.036376953125, 187.0390625, 146.87939453125]]"
image_0002.jpg,hand_palm,10,0.98,"[[2214.652099609375, 2221.7021484375, 187.15234375, 147.987548828125]]"
image_0002.jpg,sun,33,0.98,"[[1836.370361328125, 2600.30810546875, 189.4417724609375, 146.936279296875]]"
image_0002.jpg,heart,11,0.98,"[[325.4852294921875, 2221.435546875, 187.9831085205078, 146.674560546875]]"
image_0002.jpg,ladder,16,0.97,"[[1460.029296875, 2031.480712890625, 189.566162109375, 147.5142822265625]]"
image_0002.jpg,bus,1,0.96,"[[1834.582275390625, 1844.598388671875, 185.2684326171875, 150.1038818359375]]"
image_0002.jpg,wooden_wheel,43,0.96,"[[2215.6337890625, 2031.9339599609375, 187.44775390625, 148.566162109375]]"
image_0002.jpg,namaste,21,0.95,"[[703.898193359375, 2221.874267578125, 189.98895263671875, 148.2744140625]]"
image_0002.jpg,star,31,0.93,"[[2215.986083984375, 2788.6962890625, 188.12939453125, 148.76953125]]"
image_0002.jpg,roaster,29,0.92,"[[704.9939575195312, 2411.08251953125, 191.44287109375, 149.788818359375]]"
image_0002.jpg,water_glass,40,0.92,"[[1835.099365234375, 2221.07568359375, 189.5445556640625, 146.766357421875]]"
image_0002.jpg,lotus,18,0.92,"[[703.13037109375, 2600.2294921875, 189.94091796875, 148.40966796875]]"
image_0002.jpg,balance,0,0.92,"[[327.4325256347656, 2032.3646240234375, 187.7913055419922, 147.825927734375]]"
image_0002.jpg,nepali_madal,25,0.88,"[[1834.5477294921875, 1655.14306640625, 185.638427734375, 148.3770751953125]]"
image_0002.jpg,pen,28,0.88,"[[1080.90185546875, 2599.5869140625, 190.1993408203125, 147.4306640625]]"
image_0002.jpg,nepali_small_basket,26,0.86,"[[323.54718017578125, 2410.442626953125, 188.54286193847656, 149.87841796875]]"
image_0002.jpg,candle_light,2,0.85,"[[2217.3193359375, 1655.350341796875, 189.414794921875, 150.7412109375]]"
image_0002.jpg,sheep,30,0.81,"[[704.89453125, 2032.450439453125, 191.97021484375, 150.4991455078125]]"
image_0002.jpg,turtle,37,0.76,"[[328.5036315917969, 1654.319580078125, 190.55023193359375, 149.1956787109375]]"
image_0002.jpg,hoe,12,0.76,"[[1837.284423828125, 2409.312744140625, 191.840087890625, 150.3662109375]]"
image_0002.jpg,loud_speaker,19,0.75,"[[703.9569091796875, 1655.352294921875, 190.29425048828125, 149.0635986328125]]"
image_0002.jpg,key,15,0.74,"[[1459.716796875, 2599.29638671875, 187.1099853515625, 146.250732421875]]"
image_0002.jpg,water_jug,41,0.74,"[[1460.3306884765625, 1654.66064453125, 190.5166015625, 147.076171875]]"
image_0002.jpg,mother_and_child,20,0.74,"[[1082.818603515625, 1654.697265625, 191.94757080078125, 148.7794189453125]]"
image_0002.jpg,torch_light,35,0.74,"[[2216.91357421875, 1843.969970703125, 189.612060546875, 149.808837890625]]"
image_0002.jpg,computer,3,0.72,"[[1459.5970458984375, 2220.08642578125, 187.498291015625, 150.834228515625]]"
image_0002.jpg,lock,17,0.71,"[[1459.760986328125, 2790.068603515625, 191.9500732421875, 150.85009765625]]"
image_0002.jpg,tiger,34,0.68,"[[1837.3114013671875, 2788.781005859375, 190.4384765625, 147.77978515625]]"
image_0002.jpg,wooden_wheel,43,0.64,"[[702.2633056640625, 2788.4501953125, 190.44232177734375, 148.12353515625]]"
image_0002.jpg,conch,4,0.61,"[[326.23712158203125, 1842.7767333984375, 188.05532836914062, 149.300537109375]]"
image_0002.jpg,farmer,8,0.6,"[[2215.422607421875, 2410.85498046875, 188.1982421875, 150.9150390625]]"
image_0002.jpg,roaster,29,0.59,"[[704.680419921875, 1655.5174560546875, 190.40118408203125, 149.433349609375]]"
image_0002.jpg,stick,32,0.52,"[[327.3747253417969, 2600.36767578125, 191.1261749267578, 149.330810546875]]"
image_0002.jpg,turtle,37,0.51,"[[1459.280029296875, 2408.862060546875, 187.4888916015625, 151.6015625]]"
image_0002.jpg,nepali_cap,23,0.44,"[[1081.3404541015625, 2222.77587890625, 189.071044921875, 149.85009765625]]"
image_0002.jpg,turtle,37,0.39,"[[1458.826416015625, 1843.859619140625, 187.502197265625, 151.10107421875]]"
image_0002.jpg,damphu,6,0.39,"[[704.205810546875, 1843.426025390625, 190.5672607421875, 149.111083984375]]"
image_0002.jpg,valid_stamp,39,0.32,"[[1208.7626953125, 2418.6025390625, 142.3509521484375, 150.190185546875]]"
image_0002.jpg,nepali_jug,24,0.31,"[[1083.1121826171875, 1845.924072265625, 192.97271728515625, 150.664306640625]]"
image_0002.jpg,nepali_big_basket,22,0.29,"[[324.40362548828125, 2410.93359375, 187.2320098876953, 149.366943359375]]"
image_0002.jpg,dog,7,0.29,"[[703.827392578125, 1844.8681640625, 189.32965087890625, 150.4459228515625]]"
image_0003.jpg,umbrella,38,0.99,"[[1837.94677734375, 2788.64599609375, 189.781005859375, 149.993408203125]]"
image_0003.jpg,water_glass,40,0.99,"[[325.7318115234375, 1843.70947265625, 188.55303955078125, 148.6790771484375]]"
image_0003.jpg,ladder,16,0.98,"[[1457.46728515625, 2410.90380859375, 188.1920166015625, 149.68603515625]]"
image_0003.jpg,cycle,5,0.98,"[[1459.8463134765625, 1843.6290283203125, 188.58447265625, 148.62646484375]]"
image_0003.jpg,bus,1,0.97,"[[1082.4405517578125, 1844.41845703125, 189.39007568359375, 149.154052734375]]"
image_0003.jpg,heart,11,0.97,"[[2215.75927734375, 2599.732421875, 188.167724609375, 144.88427734375]]"
image_0003.jpg,dog,7,0.96,"[[1833.923583984375, 2599.7734375, 186.6357421875, 147.08203125]]"
image_0003.jpg,hand_palm,10,0.96,"[[2216.81201171875, 1653.8160400390625, 190.0146484375, 147.912353515625]]"
image_0003.jpg,nepali_cap,23,0.96,"[[2217.955322265625, 2033.000732421875, 190.3935546875, 147.8358154296875]]"
image_0003.jpg,sun,33,0.95,"[[1837.086181640625, 1843.6207275390625, 193.268798828125, 149.167724609375]]"
image_0003.jpg,balance,0,0.95,"[[703.4403076171875, 2787.953125, 190.56390380859375, 148.722412109375]]"
image_0003.jpg,lotus,18,0.93,"[[1080.826416015625, 2033.276611328125, 190.18109130859375, 148.25244140625]]"
image_0003.jpg,nepali_small_basket,26,0.93,"[[2216.55712890625, 1844.4100341796875, 191.600341796875, 151.761962890625]]"
image_0003.jpg,roaster,29,0.93,"[[324.86358642578125, 2599.458984375, 190.99911499023438, 147.384765625]]"
image_0003.jpg,pen,28,0.91,"[[1081.2777099609375, 2788.017333984375, 188.72119140625, 149.90234375]]"
image_0003.jpg,star,31,0.9,"[[705.8323974609375, 1654.4637451171875, 193.57708740234375, 149.1513671875]]"
image_0003.jpg,tree,36,0.87,"[[1459.7493896484375, 2787.94677734375, 188.46337890625, 148.123046875]]"
image_0003.jpg,candle_light,2,0.87,"[[1458.6446533203125, 2599.614501953125, 190.1025390625, 150.0322265625]]"
image_0003.jpg,lock,17,0.86,"[[1837.0400390625, 2221.228515625, 191.3243408203125, 149.230712890625]]"
image_0003.jpg,hoe,12,0.86,"[[2216.14404296875, 2788.0634765625, 191.051025390625, 147.946533203125]]"
image_0003.jpg,bus,1,0.81,"[[702.8931884765625, 2411.103759765625, 190.2369384765625, 147.419921875]]"
image_0003.jpg,sheep,30,0.8,"[[1081.8782958984375, 2599.46826171875, 189.55950927734375, 146.286376953125]]"
image_0003.jpg,loud_speaker,19,0.79,"[[1081.1533203125, 1654.2646484375, 187.67596435546875, 149.1026611328125]]"
image_0003.jpg,key,15,0.78,"[[703.4552001953125, 2599.125, 190.66693115234375, 146.81298828125]]"
image_0003.jpg,invalid_stamp,14,0.75,"[[865.997314453125, 2033.829345703125, 145.13262939453125, 153.365234375]]"
image_0003.jpg,namaste,21,0.74,"[[326.8546142578125, 2411.0009765625, 188.7498016357422, 148.970947265625]]"
image_0003.jpg,dog,7,0.73,"[[1834.842529296875, 1654.5601806640625, 188.7850341796875, 149.103271484375]]"
image_0003.jpg,mother_and_child,20,0.72,"[[2217.715576171875, 2222.708740234375, 192.44189453125, 149.02978515625]]"
image_0003.jpg,stick,32,0.72,"[[1462.2864990234375, 1654.3211669921875, 190.1689453125, 149.652587890625]]"
image_0003.jpg,wooden_wheel,43,0.69,"[[1082.31103515625, 2410.81884765625, 189.0433349609375, 148.7216796875]]"
image_0003.jpg,conch,4,0.63,"[[1458.436767578125, 2221.10009765625, 185.1199951171875, 147.942626953125]]"
image_0003.jpg,lotus,18,0.61,"[[1836.76123046875, 2032.40576171875, 192.0196533203125, 148.5963134765625]]"
image_0003.jpg,turtle,37,0.57,"[[1836.353271484375, 2409.91845703125, 190.0465087890625, 150.205322265625]]"
image_0003.jpg,hoe,12,0.57,"[[1458.844482421875, 2031.9766845703125, 187.0758056640625, 148.245361328125]]"
image_0003.jpg,nepali_madal,25,0.57,"[[322.66973876953125, 2788.80126953125, 186.01602172851562, 148.16650390625]]"
image_0003.jpg,roaster,29,0.49,"[[1082.31640625, 1655.1309814453125, 186.58953857421875, 148.8330078125]]"
image_0003.jpg,hoe,12,0.42,"[[703.8731689453125, 2599.63818359375, 190.32110595703125, 146.979736328125]]"
image_0003.jpg,lock,17,0.41,"[[700.94775390625, 2033.011962890625, 187.68817138671875, 147.9315185546875]]"
image_0003.jpg,tiger,34,0.39,"[[1836.92578125, 2032.465576171875, 191.5545654296875, 148.6187744140625]]"
image_0003.jpg,nepali_cap,23,0.38,"[[700.277587890625, 2221.849609375, 184.08099365234375, 149.202392578125]]"
image_0003.jpg,torch_light,35,0.36,"[[1457.276611328125, 2032.522216796875, 185.082275390625, 148.2628173828125]]"
image_0003.jpg,roaster,29,0.34,"[[1080.9500732421875, 2221.77734375, 187.517822265625, 147.889892578125]]"
image_0003.jpg,sheep,30,0.33,"[[703.4613037109375, 1843.887939453125, 192.43719482421875, 152.16259765625]]"
image_0003.jpg,water_jug,41,0.31,"[[326.02984619140625, 1653.38623046875, 189.10797119140625, 147.4676513671875]]"
image_0003.jpg,house,13,0.28,"[[700.9371337890625, 2031.8115234375, 186.74267578125, 147.6854248046875]]"
image_0003.jpg,hoe,12,0.27,"[[1462.052001953125, 1654.419677734375, 189.66796875, 149.6475830078125]]"
image_0003.jpg,nepali_madal,25,0.26,"[[1082.0052490234375, 1843.6923828125, 187.705810546875, 148.3751220703125]]"
image_0003.jpg,dog,7,0.25,"[[325.154296875, 2220.509765625, 188.70291137695312, 148.142333984375]]"
image_0004.jpg,umbrella,38,0.99,"[[702.4356689453125, 1844.3865966796875, 189.90069580078125, 150.2744140625]]"
image_0004.jpg,cycle,5,0.99,"[[1836.165771484375, 1654.5838623046875, 188.6046142578125, 146.44921875]]"
image_0004.jpg,heart,11,0.98,"[[1080.4395751953125, 2411.33203125, 188.73907470703125, 148.907958984375]]"
image_0004.jpg,ladder,16,0.98,"[[2217.334228515625, 2032.22998046875, 190.29541015625, 147.7838134765625]]"
image_0004.jpg,water_glass,40,0.98,"[[327.953369140625, 1653.0972900390625, 192.45645141601562, 148.28173828125]]"
image_0004.jpg,hand_palm,10,0.98,"[[702.9541015625, 2788.874755859375, 192.2735595703125, 149.89794921875]]"
image_0004.jpg,dog,7,0.98,"[[321.04840087890625, 2788.154296875, 183.61956787109375, 149.909912109375]]"
image_0004.jpg,nepali_cap,23,0.97,"[[1837.499267578125, 2788.111328125, 186.895751953125, 148.650634765625]]"
image_0004.jpg,namaste,21,0.96,"[[2215.609375, 2788.883544921875, 185.705078125, 147.92822265625]]"
image_0004.jpg,sun,33,0.96,"[[2214.67529296875, 1654.1810302734375, 187.40673828125, 148.253173828125]]"
image_0004.jpg,wooden_wheel,43,0.95,"[[2216.52880859375, 1843.27734375, 189.302490234375, 150.4752197265625]]"
image_0004.jpg,roaster,29,0.95,"[[1462.411865234375, 1843.640625, 189.919677734375, 148.6964111328125]]"
image_0004.jpg,key,15,0.94,"[[2216.956787109375, 2599.5390625, 187.357421875, 147.6044921875]]"
image_0004.jpg,bus,1,0.93,"[[1835.833984375, 2221.489990234375, 185.970458984375, 148.85888671875]]"
image_0004.jpg,sheep,30,0.91,"[[1459.4603271484375, 1654.66455078125, 188.339111328125, 149.529052734375]]"
image_0004.jpg,lotus,18,0.9,"[[701.4281005859375, 2033.5640869140625, 189.14202880859375, 146.901611328125]]"
image_0004.jpg,lock,17,0.9,"[[702.2340698242188, 2599.537109375, 192.8221435546875, 149.80810546875]]"
image_0004.jpg,hoe,12,0.9,"[[1080.77099609375, 1843.5166015625, 190.28021240234375, 150.3519287109375]]"
image_0004.jpg,conch,4,0.87,"[[326.09283447265625, 1842.5257568359375, 189.76840209960938, 150.009033203125]]"
image_0004.jpg,star,31,0.83,"[[1837.6922607421875, 1844.594482421875, 188.570068359375, 151.8465576171875]]"
image_0004.jpg,balance,0,0.76,"[[1461.115478515625, 2031.7294921875, 189.6417236328125, 148.5648193359375]]"
image_0004.jpg,valid_stamp,39,0.72,"[[1961.656982421875, 2598.4814453125, 152.8951416015625, 147.770263671875]]"
image_0004.jpg,tree,36,0.71,"[[326.0135192871094, 2410.322509765625, 187.9160614013672, 150.84130859375]]"
image_0004.jpg,lotus,18,0.71,"[[326.2584228515625, 2032.437255859375, 189.5279083251953, 146.54638671875]]"
image_0004.jpg,pen,28,0.7,"[[2215.9111328125, 2410.8662109375, 188.5341796875, 150.240478515625]]"
image_0004.jpg,nepali_jug,24,0.68,"[[1462.122802734375, 2411.41015625, 190.91552734375, 150.248291015625]]"
image_0004.jpg,nepali_madal,25,0.68,"[[702.2379150390625, 2222.6279296875, 189.02142333984375, 150.596435546875]]"
image_0004.jpg,wooden_wheel,43,0.68,"[[1836.23486328125, 2032.7984619140625, 188.6544189453125, 147.282470703125]]"
image_0004.jpg,water_jug,41,0.67,"[[324.69000244140625, 2220.80126953125, 189.867919921875, 148.382568359375]]"
image_0004.jpg,lock,17,0.66,"[[702.4457397460938, 2410.802734375, 189.93359375, 150.798583984375]]"
image_0004.jpg,candle_light,2,0.64,"[[1835.051513671875, 2409.71240234375, 186.9791259765625, 150.531494140625]]"
image_0004.jpg,nepali_small_basket,26,0.64,"[[2215.997314453125, 2221.673828125, 188.28955078125, 149.757568359375]]"
image_0004.jpg,dog,7,0.6,"[[1079.0517578125, 1654.304931640625, 188.908203125, 148.817138671875]]"
image_0004.jpg,loud_speaker,19,0.59,"[[1827.530517578125, 2599.6220703125, 175.5089111328125, 148.90234375]]"
image_0004.jpg,tiger,34,0.57,"[[1080.6640625, 2601.255859375, 188.25634765625, 147.180908203125]]"
image_0004.jpg,turtle,37,0.56,"[[702.56298828125, 1654.7362060546875, 191.58038330078125, 150.496337890625]]"
image_0004.jpg,dog,7,0.53,"[[1080.741943359375, 2788.515380859375, 189.9119873046875, 150.10400390625]]"
image_0004.jpg,computer,3,0.51,"[[1458.93505859375, 2788.744140625, 187.7760009765625, 148.366943359375]]"
image_0004.jpg,torch_light,35,0.5,"[[1079.6077880859375, 2031.9010009765625, 187.2705078125, 147.496337890625]]"
image_0004.jpg,tiger,34,0.45,"[[1460.553955078125, 2600.4375, 189.823974609375, 148.25244140625]]"
image_0004.jpg,mother_and_child,20,0.45,"[[1080.3597412109375, 2600.822265625, 188.63800048828125, 146.745849609375]]"
image_0004.jpg,hand_palm,10,0.39,"[[701.2334594726562, 2032.83251953125, 186.2249755859375, 146.4722900390625]]"
image_0004.jpg,nepali_cap,23,0.33,"[[1460.65625, 2221.979248046875, 186.3443603515625, 148.677734375]]"
image_0004.jpg,stick,32,0.32,"[[325.937255859375, 2600.33740234375, 189.55389404296875, 149.004150390625]]"
image_0004.jpg,nepali_big_basket,22,0.31,"[[1460.5672607421875, 2221.327880859375, 185.30517578125, 147.93408203125]]"
image_0004.jpg,sheep,30,0.25,"[[1080.52392578125, 2222.70751953125, 189.2615966796875, 149.447509765625]]"
image_0005.jpg,hand_palm,10,0.99,"[[326.3704833984375, 2220.995361328125, 191.47390747070312, 147.57080078125]]"
image_0005.jpg,umbrella,38,0.99,"[[1837.69580078125, 1654.270751953125, 192.088623046875, 149.5927734375]]"
image_0005.jpg,ladder,16,0.98,"[[328.6445007324219, 2789.76123046875, 190.68743896484375, 150.327880859375]]"
image_0005.jpg,bus,1,0.98,"[[1083.22509765625, 1843.650146484375, 190.24346923828125, 150.584228515625]]"
image_0005.jpg,cycle,5,0.98,"[[703.342529296875, 2599.1689453125, 189.3343505859375, 146.84423828125]]"
image_0005.jpg,dog,7,0.97,"[[1457.041259765625, 1843.473876953125, 186.9556884765625, 148.8577880859375]]"
image_0005.jpg,heart,11,0.97,"[[1457.37158203125, 1655.09912109375, 185.4910888671875, 148.3221435546875]]"
image_0005.jpg,sun,33,0.96,"[[703.5723266601562, 2222.14453125, 190.6124267578125, 149.5126953125]]"
image_0005.jpg,water_glass,40,0.96,"[[1082.2586669921875, 2033.010498046875, 187.45013427734375, 146.5902099609375]]"
image_0005.jpg,star,31,0.95,"[[703.934814453125, 1844.8896484375, 191.2332763671875, 150.9588623046875]]"
image_0005.jpg,tree,36,0.93,"[[1082.21337890625, 2222.303955078125, 187.24639892578125, 150.14306640625]]"
image_0005.jpg,roaster,29,0.91,"[[2216.12646484375, 1654.679931640625, 188.811279296875, 147.4930419921875]]"
image_0005.jpg,nepali_small_basket,26,0.9,"[[2216.70458984375, 1843.853271484375, 191.226318359375, 151.72119140625]]"
image_0005.jpg,lotus,18,0.9,"[[1835.3560791015625, 1844.477783203125, 190.541015625, 150.5543212890625]]"
image_0005.jpg,lotus,18,0.9,"[[703.3544921875, 2032.8177490234375, 187.6888427734375, 148.447998046875]]"
image_0005.jpg,wooden_wheel,43,0.9,"[[1459.1357421875, 2221.67578125, 185.0618896484375, 150.03369140625]]"
image_0005.jpg,hoe,12,0.86,"[[2214.82958984375, 2032.217529296875, 191.36474609375, 149.7705078125]]"
image_0005.jpg,pen,28,0.85,"[[1457.9266357421875, 2031.312744140625, 184.60595703125, 147.9847412109375]]"
image_0005.jpg,namaste,21,0.85,"[[1837.052978515625, 2600.000244140625, 189.8089599609375, 148.21923828125]]"
image_0005.jpg,nepali_jug,24,0.83,"[[1461.8697509765625, 2599.88037109375, 191.536376953125, 147.469482421875]]"
image_0005.jpg,stick,32,0.82,"[[1084.122802734375, 1654.2811279296875, 192.72869873046875, 149.6005859375]]"
image_0005.jpg,nepali_cap,23,0.81,"[[702.17041015625, 2788.2314453125, 187.58111572265625, 146.373291015625]]"
image_0005.jpg,water_jug,41,0.78,"[[1836.096435546875, 2788.93896484375, 189.0645751953125, 148.356689453125]]"
image_0005.jpg,house,13,0.74,"[[1081.7130126953125, 2410.69482421875, 189.963623046875, 149.9033203125]]"
image_0005.jpg,mother_and_child,20,0.71,"[[1461.8546142578125, 2788.32568359375, 193.1904296875, 147.866455078125]]"
image_0005.jpg,candle_light,2,0.69,"[[1082.5322265625, 2599.072265625, 195.16253662109375, 149.09619140625]]"
image_0005.jpg,tiger,34,0.68,"[[1081.00146484375, 2789.04443359375, 193.1019287109375, 148.233154296875]]"
image_0005.jpg,torch_light,35,0.63,"[[328.3072814941406, 1654.68017578125, 191.3849639892578, 148.10498046875]]"
image_0005.jpg,bus,1,0.63,"[[1460.533203125, 2411.384033203125, 187.6392822265625, 148.77587890625]]"
image_0005.jpg,balance,0,0.61,"[[328.08782958984375, 1847.9942626953125, 189.73561096191406, 152.285888671875]]"
image_0005.jpg,lock,17,0.6,"[[1837.116455078125, 2410.3662109375, 192.11669921875, 150.318115234375]]"
image_0005.jpg,key,15,0.59,"[[325.5857849121094, 2599.8388671875, 191.0526580810547, 146.759765625]]"
image_0005.jpg,sheep,30,0.58,"[[2216.5009765625, 2222.345703125, 190.922119140625, 148.436767578125]]"
image_0005.jpg,loud_speaker,19,0.57,"[[2217.2763671875, 2600.06884765625, 188.347900390625, 149.140869140625]]"
image_0005.jpg,lotus,18,0.57,"[[326.785400390625, 2032.7462158203125, 189.3620147705078, 146.455322265625]]"
image_0005.jpg,dog,7,0.49,"[[2216.60546875, 2223.4853515625, 189.349365234375, 146.10107421875]]"
image_0005.jpg,dog,7,0.47,"[[2215.92138671875, 2788.02880859375, 187.648681640625, 150.30517578125]]"
image_0005.jpg,nepali_madal,25,0.47,"[[701.878662109375, 2411.080078125, 187.39801025390625, 148.830322265625]]"
image_0005.jpg,sheep,30,0.46,"[[1835.9783935546875, 2221.36669921875, 190.0302734375, 148.751708984375]]"
image_0005.jpg,hoe,12,0.41,"[[325.9495849609375, 2599.58740234375, 188.8459930419922, 147.7607421875]]"
image_0005.jpg,valid_stamp,39,0.33,"[[842.400634765625, 2026.741943359375, 148.858154296875, 148.5224609375]]"
image_0005.jpg,dog,7,0.28,"[[703.225830078125, 1653.78857421875, 190.604248046875, 147.4119873046875]]"
image_0005.jpg,computer,3,0.27,"[[701.828369140625, 2410.794189453125, 187.89508056640625, 149.28564453125]]"
image_0005.jpg,nepali_big_basket,22,0.25,"[[324.740234375, 2410.80029296875, 188.09213256835938, 148.398193359375]]"
image_0006.jpg,umbrella,38,0.99,"[[1081.3529052734375, 1844.503662109375, 190.30126953125, 149.3262939453125]]"
image_0006.jpg,hand_palm,10,0.99,"[[1081.3955078125, 2788.5419921875, 189.494873046875, 149.646728515625]]"
image_0006.jpg,sun,33,0.99,"[[1834.967041015625, 2221.8818359375, 188.8321533203125, 149.493408203125]]"
image_0006.jpg,ladder,16,0.98,"[[1079.7210693359375, 2033.0511474609375, 188.87579345703125, 147.514892578125]]"
image_0006.jpg,water_glass,40,0.98,"[[702.1431884765625, 2221.6591796875, 189.56842041015625, 147.137451171875]]"
image_0006.jpg,heart,11,0.98,"[[1459.384033203125, 2410.8310546875, 187.6959228515625, 148.48681640625]]"
image_0006.jpg,dog,7,0.98,"[[1456.70263671875, 1843.623291015625, 186.4183349609375, 148.47119140625]]"
image_0006.jpg,cycle,5,0.98,"[[702.525390625, 2599.34326171875, 190.14031982421875, 146.398681640625]]"
image_0006.jpg,loud_speaker,19,0.96,"[[698.9639892578125, 2788.791015625, 183.87847900390625, 149.04931640625]]"
image_0006.jpg,roaster,29,0.95,"[[1080.292236328125, 2221.8056640625, 191.1453857421875, 147.124755859375]]"
image_0006.jpg,tree,36,0.95,"[[1082.9765625, 1654.1815185546875, 189.794921875, 149.20947265625]]"
image_0006.jpg,bus,1,0.95,"[[326.0299987792969, 2600.137939453125, 188.306396484375, 147.115234375]]"
image_0006.jpg,star,31,0.94,"[[2217.276611328125, 2788.716552734375, 187.84765625, 148.5830078125]]"
image_0006.jpg,candle_light,2,0.94,"[[2217.982421875, 1844.0438232421875, 190.3837890625, 151.245361328125]]"
image_0006.jpg,nepali_small_basket,26,0.92,"[[1459.5062255859375, 1654.689697265625, 191.662841796875, 149.4190673828125]]"
image_0006.jpg,nepali_cap,23,0.92,"[[2216.79296875, 2600.658447265625, 187.470703125, 146.53662109375]]"
image_0006.jpg,namaste,21,0.89,"[[1837.972412109375, 2411.001708984375, 191.5411376953125, 148.34521484375]]"
image_0006.jpg,wooden_wheel,43,0.86,"[[1837.81201171875, 1654.02197265625, 193.4853515625, 149.4722900390625]]"
image_0006.jpg,nepali_madal,25,0.82,"[[325.91851806640625, 2222.900390625, 188.1918182373047, 149.63623046875]]"
image_0006.jpg,balance,0,0.82,"[[702.1500854492188, 1845.2275390625, 189.42333984375, 151.9200439453125]]"
image_0006.jpg,hoe,12,0.82,"[[701.193603515625, 2410.79345703125, 190.51666259765625, 151.044921875]]"
image_0006.jpg,lock,17,0.82,"[[326.21673583984375, 1654.406982421875, 194.40403747558594, 150.4564208984375]]"
image_0006.jpg,lotus,18,0.82,"[[702.1741943359375, 1655.380859375, 190.61627197265625, 150.2740478515625]]"
image_0006.jpg,tiger,34,0.77,"[[1838.5830078125, 2599.86279296875, 191.9259033203125, 145.670654296875]]"
image_0006.jpg,conch,4,0.76,"[[325.45635986328125, 2787.950439453125, 188.40225219726562, 149.4970703125]]"
image_0006.jpg,key,15,0.76,"[[1839.548828125, 2788.2880859375, 193.4381103515625, 148.71484375]]"
image_0006.jpg,torch_light,35,0.72,"[[326.51171875, 1843.0584716796875, 189.4031219482422, 149.9765625]]"
image_0006.jpg,bus,1,0.7,"[[2216.607177734375, 2411.3388671875, 186.39697265625, 150.3662109375]]"
image_0006.jpg,valid_stamp,39,0.68,"[[827.198486328125, 2786.25634765625, 155.84576416015625, 148.651123046875]]"
image_0006.jpg,wooden_wheel,43,0.6,"[[701.2894287109375, 2032.081787109375, 189.1116943359375, 145.69677734375]]"
image_0006.jpg,pen,28,0.6,"[[1080.4666748046875, 2410.8193359375, 189.89501953125, 149.159423828125]]"
image_0006.jpg,invalid_stamp,14,0.59,"[[827.716796875, 2786.744140625, 151.92755126953125, 150.41162109375]]"
image_0006.jpg,mother_and_child,20,0.58,"[[2218.485107421875, 1655.14111328125, 190.8779296875, 149.9853515625]]"
image_0006.jpg,stick,32,0.51,"[[325.6944274902344, 2032.72802734375, 188.18699645996094, 148.4403076171875]]"
image_0006.jpg,turtle,37,0.5,"[[2216.195068359375, 2032.3118896484375, 188.45751953125, 149.648193359375]]"
image_0006.jpg,woman_man,42,0.48,"[[1458.65478515625, 2789.13818359375, 188.5792236328125, 149.322021484375]]"
image_0006.jpg,balance,0,0.44,"[[1837.8875732421875, 2032.069091796875, 191.416259765625, 148.78076171875]]"
image_0006.jpg,lock,17,0.43,"[[1458.0374755859375, 2600.968994140625, 188.861083984375, 149.68798828125]]"
image_0006.jpg,water_jug,41,0.4,"[[326.35089111328125, 2410.591064453125, 187.9824676513672, 149.703125]]"
image_0006.jpg,dog,7,0.31,"[[1459.1107177734375, 2032.1234130859375, 188.200439453125, 148.333740234375]]"
image_0006.jpg,key,15,0.28,"[[2215.428466796875, 2221.51513671875, 187.83447265625, 150.580322265625]]"
image_0006.jpg,key,15,0.27,"[[326.2761535644531, 1843.5577392578125, 189.92626953125, 150.3359375]]"
image_0006.jpg,sheep,30,0.25,"[[1836.9345703125, 1843.8958740234375, 192.7279052734375, 150.021484375]]"
image_0007.jpg,umbrella,38,0.99,"[[1458.868896484375, 1844.164794921875, 186.041748046875, 149.087646484375]]"
image_0007.jpg,sun,33,0.98,"[[1457.99951171875, 2221.24853515625, 189.6064453125, 148.9775390625]]"
image_0007.jpg,water_glass,40,0.98,"[[701.778564453125, 2787.76513671875, 187.37591552734375, 147.94921875]]"
image_0007.jpg,nepali_small_basket,26,0.98,"[[1836.528076171875, 2410.88427734375, 190.4449462890625, 149.509521484375]]"
image_0007.jpg,hand_palm,10,0.98,"[[325.29400634765625, 2598.6337890625, 190.09405517578125, 146.915771484375]]"
image_0007.jpg,heart,11,0.97,"[[701.180908203125, 2221.92041015625, 189.99102783203125, 147.052001953125]]"
image_0007.jpg,wooden_wheel,43,0.96,"[[326.0550842285156, 2788.437255859375, 191.8487548828125, 149.55712890625]]"
image_0007.jpg,namaste,21,0.96,"[[2216.8359375, 2032.656982421875, 191.408935546875, 149.3551025390625]]"
image_0007.jpg,lotus,18,0.96,"[[1078.837890625, 2222.51171875, 187.2169189453125, 146.771728515625]]"
image_0007.jpg,bus,1,0.95,"[[701.31396484375, 2033.0947265625, 189.50360107421875, 148.2647705078125]]"
image_0007.jpg,dog,7,0.94,"[[698.64306640625, 2410.5009765625, 186.25701904296875, 150.965087890625]]"
image_0007.jpg,ladder,16,0.93,"[[1838.65966796875, 2600.1005859375, 192.9603271484375, 147.998291015625]]"
image_0007.jpg,cycle,5,0.91,"[[1459.7445068359375, 2033.0001220703125, 186.28125, 146.940673828125]]"
image_0007.jpg,roaster,29,0.91,"[[2218.662109375, 1843.557373046875, 191.492431640625, 149.7523193359375]]"
image_0007.jpg,sheep,30,0.89,"[[1459.005859375, 2410.003662109375, 186.5443115234375, 150.86328125]]"
image_0007.jpg,tree,36,0.88,"[[328.1379089355469, 2032.350341796875, 189.9020233154297, 148.0870361328125]]"
image_0007.jpg,key,15,0.86,"[[1458.68798828125, 1654.4110107421875, 185.9388427734375, 148.270751953125]]"
image_0007.jpg,nepali_jug,24,0.85,"[[1080.6104736328125, 2601.39501953125, 190.2216796875, 149.64794921875]]"
image_0007.jpg,star,31,0.82,"[[1081.8973388671875, 1844.111083984375, 187.705078125, 149.7392578125]]"
image_0007.jpg,hoe,12,0.8,"[[701.7550048828125, 1844.16552734375, 191.66259765625, 151.0899658203125]]"
image_0007.jpg,water_jug,41,0.79,"[[1081.7900390625, 2788.13330078125, 190.75323486328125, 149.9794921875]]"
image_0007.jpg,conch,4,0.75,"[[2216.66552734375, 2410.685546875, 188.704833984375, 149.1865234375]]"
image_0007.jpg,balance,0,0.73,"[[328.20147705078125, 1844.2264404296875, 189.00173950195312, 150.023193359375]]"
image_0007.jpg,house,13,0.73,"[[1836.739501953125, 2031.5245361328125, 188.990966796875, 148.212646484375]]"
image_0007.jpg,candle_light,2,0.71,"[[1837.4774169921875, 2220.56494140625, 189.7822265625, 148.22412109375]]"
image_0007.jpg,mother_and_child,20,0.71,"[[327.9072265625, 2221.697265625, 190.84559631347656, 149.556884765625]]"
image_0007.jpg,tiger,34,0.7,"[[2216.2822265625, 2221.26220703125, 188.0615234375, 149.75341796875]]"
image_0007.jpg,computer,3,0.7,"[[1837.332763671875, 2790.38037109375, 191.1024169921875, 149.521728515625]]"
image_0007.jpg,stick,32,0.67,"[[2216.63720703125, 2788.94384765625, 190.291748046875, 148.03466796875]]"
image_0007.jpg,lock,17,0.65,"[[2213.9208984375, 1655.04052734375, 186.760009765625, 150.6141357421875]]"
image_0007.jpg,torch_light,35,0.62,"[[1081.870849609375, 1654.7449951171875, 188.5194091796875, 147.219970703125]]"
image_0007.jpg,loud_speaker,19,0.61,"[[2217.087890625, 2599.342529296875, 189.927978515625, 147.51953125]]"
image_0007.jpg,farmer,8,0.6,"[[701.1185913085938, 2600.06396484375, 190.5455322265625, 149.193115234375]]"
image_0007.jpg,damphu,6,0.46,"[[1836.6959228515625, 1842.8021240234375, 189.970458984375, 149.764404296875]]"
image_0007.jpg,hammer_scythe,9,0.46,"[[1458.929931640625, 2788.6796875, 185.26416015625, 147.284912109375]]"
image_0007.jpg,dog,7,0.45,"[[1457.901123046875, 2601.240234375, 185.0587158203125, 147.723876953125]]"
image_0007.jpg,nepali_madal,25,0.45,"[[702.099853515625, 2033.660400390625, 185.69244384765625, 149.4228515625]]"
image_0007.jpg,nepali_madal,25,0.43,"[[1078.480224609375, 2032.668701171875, 186.9073486328125, 149.32275390625]]"
image_0007.jpg,turtle,37,0.4,"[[702.05078125, 1654.63525390625, 191.32623291015625, 149.138427734375]]"
image_0007.jpg,valid_stamp,39,0.36,"[[2354.76171875, 1656.474365234375, 154.228271484375, 150.5828857421875]]"
image_0007.jpg,wooden_wheel,43,0.35,"[[1458.646240234375, 2788.569091796875, 188.7159423828125, 148.4287109375]]"
image_0007.jpg,woman_man,42,0.33,"[[1458.068115234375, 2600.50634765625, 185.5684814453125, 147.72802734375]]"
image_0007.jpg,nepali_cap,23,0.31,"[[1836.4697265625, 1653.419921875, 189.589599609375, 148.7471923828125]]"
image_0007.jpg,pen,28,0.29,"[[327.7120056152344, 1654.843505859375, 187.33897399902344, 148.4024658203125]]"
image_0007.jpg,turtle,37,0.25,"[[1836.864990234375, 1654.3104248046875, 189.9857177734375, 149.40283203125]]"
image_0008.jpg,umbrella,38,0.99,"[[1079.6492919921875, 2222.343505859375, 186.11627197265625, 148.541015625]]"
image_0008.jpg,hand_palm,10,0.98,"[[1835.93798828125, 2788.575927734375, 188.68896484375, 149.78857421875]]"
image_0008.jpg,water_glass,40,0.98,"[[702.8468017578125, 2033.571533203125, 189.542724609375, 147.63916015625]]"
image_0008.jpg,cycle,5,0.98,"[[1460.248046875, 2032.762451171875, 187.2811279296875, 147.912109375]]"
image_0008.jpg,ladder,16,0.97,"[[1081.6890869140625, 1654.6751708984375, 194.66326904296875, 147.381103515625]]"
image_0008.jpg,sun,33,0.97,"[[1835.8798828125, 2411.276123046875, 190.8856201171875, 149.05322265625]]"
image_0008.jpg,heart,11,0.97,"[[1079.74462890625, 1844.076171875, 188.1630859375, 149.1280517578125]]"
image_0008.jpg,star,31,0.96,"[[1080.104736328125, 2033.66455078125, 187.5506591796875, 150.1395263671875]]"
image_0008.jpg,balance,0,0.96,"[[2214.805419921875, 2788.0478515625, 189.29150390625, 148.649658203125]]"
image_0008.jpg,nepali_small_basket,26,0.95,"[[702.9727783203125, 1844.3236083984375, 188.9923095703125, 151.91259765625]]"
image_0008.jpg,dog,7,0.95,"[[1833.015380859375, 2221.729736328125, 185.6837158203125, 149.06787109375]]"
image_0008.jpg,bus,1,0.95,"[[1836.944580078125, 2600.62353515625, 189.519287109375, 146.223876953125]]"
image_0008.jpg,roaster,29,0.92,"[[325.42340087890625, 1843.774658203125, 190.07876586914062, 149.32275390625]]"
image_0008.jpg,namaste,21,0.9,"[[702.8857421875, 2410.906494140625, 192.03070068359375, 151.3447265625]]"
image_0008.jpg,lotus,18,0.9,"[[1836.177490234375, 2032.9947509765625, 189.8411865234375, 147.016845703125]]"
image_0008.jpg,wooden_wheel,43,0.9,"[[326.90472412109375, 2222.193115234375, 189.4877471923828, 148.46875]]"
image_0008.jpg,sheep,30,0.87,"[[327.25537109375, 2032.169921875, 190.0997772216797, 148.7049560546875]]"
image_0008.jpg,torch_light,35,0.86,"[[1460.338623046875, 1843.770751953125, 188.25830078125, 149.44921875]]"
image_0008.jpg,lock,17,0.86,"[[1461.5567626953125, 1654.80224609375, 188.069580078125, 148.997802734375]]"
image_0008.jpg,candle_light,2,0.85,"[[1838.319091796875, 1653.8251953125, 193.5711669921875, 149.7066650390625]]"
image_0008.jpg,pen,28,0.84,"[[2217.44140625, 2032.604736328125, 190.220947265625, 150.47265625]]"
image_0008.jpg,loud_speaker,19,0.82,"[[2215.2373046875, 2221.99560546875, 186.491455078125, 150.87255859375]]"
image_0008.jpg,invalid_stamp,14,0.8,"[[1237.716064453125, 2793.07177734375, 150.9039306640625, 155.732666015625]]"
image_0008.jpg,nepali_cap,23,0.8,"[[2216.0322265625, 1654.035400390625, 190.50537109375, 148.188720703125]]"
image_0008.jpg,tiger,34,0.71,"[[1081.9749755859375, 2788.8994140625, 193.88336181640625, 147.56640625]]"
image_0008.jpg,lotus,18,0.7,"[[1459.439453125, 2221.14990234375, 187.5330810546875, 150.1435546875]]"
image_0008.jpg,conch,4,0.67,"[[2215.683349609375, 1843.1741943359375, 188.62744140625, 148.39111328125]]"
image_0008.jpg,nepali_jug,24,0.64,"[[704.2568969726562, 2788.960693359375, 195.6732177734375, 147.47509765625]]"
image_0008.jpg,water_jug,41,0.62,"[[326.5304870605469, 2410.1220703125, 188.7770538330078, 148.745849609375]]"
image_0008.jpg,dog,7,0.62,"[[703.3935546875, 2221.29052734375, 189.16510009765625, 148.247314453125]]"
image_0008.jpg,farmer,8,0.61,"[[1460.127685546875, 2788.32421875, 187.8428955078125, 148.468017578125]]"
image_0008.jpg,key,15,0.55,"[[326.55841064453125, 2599.38037109375, 191.53160095214844, 147.971923828125]]"
image_0008.jpg,computer,3,0.53,"[[2214.7255859375, 2411.3037109375, 186.614501953125, 149.140380859375]]"
image_0008.jpg,bus,1,0.51,"[[1459.4803466796875, 2411.27490234375, 186.3037109375, 148.9169921875]]"
image_0008.jpg,hoe,12,0.5,"[[2215.2138671875, 2599.56201171875, 188.886474609375, 147.496826171875]]"
image_0008.jpg,mother_and_child,20,0.48,"[[326.86761474609375, 2788.45556640625, 192.65606689453125, 148.221923828125]]"
image_0008.jpg,lock,17,0.47,"[[704.556884765625, 1653.8927001953125, 191.44769287109375, 148.69873046875]]"
image_0008.jpg,damphu,6,0.44,"[[1080.5509033203125, 2599.7646484375, 191.408447265625, 148.447265625]]"
image_0008.jpg,turtle,37,0.37,"[[1836.988525390625, 1843.66455078125, 192.783935546875, 151.3328857421875]]"
image_0008.jpg,hoe,12,0.35,"[[326.0815734863281, 2598.7626953125, 191.79393005371094, 147.945556640625]]"
image_0008.jpg,stick,32,0.34,"[[703.746826171875, 2599.64111328125, 193.39825439453125, 147.907470703125]]"
image_0008.jpg,owl,27,0.31,"[[1458.49755859375, 2220.861083984375, 184.9923095703125, 147.7763671875]]"
image_0008.jpg,heart,11,0.28,"[[325.7220153808594, 2410.017578125, 189.19456481933594, 148.236083984375]]"
image_0009.jpg,umbrella,38,0.99,"[[2216.966796875, 2410.8662109375, 190.0615234375, 148.427490234375]]"
image_0009.jpg,hand_palm,10,0.99,"[[2217.27392578125, 2788.935302734375, 192.211669921875, 149.70654296875]]"
image_0009.jpg,heart,11,0.99,"[[703.0846557617188, 2411.2421875, 190.6258544921875, 148.105712890625]]"
image_0009.jpg,bus,1,0.98,"[[1458.72119140625, 1655.295166015625, 188.0689697265625, 149.3626708984375]]"
image_0009.jpg,dog,7,0.97,"[[1455.6246337890625, 2031.5660400390625, 186.7255859375, 148.634521484375]]"
image_0009.jpg,sun,33,0.97,"[[1835.9554443359375, 2600.117919921875, 190.61962890625, 147.69970703125]]"
image_0009.jpg,wooden_wheel,43,0.96,"[[2215.7373046875, 1844.50634765625, 189.458740234375, 150.5718994140625]]"
image_0009.jpg,roaster,29,0.94,"[[704.492919921875, 1843.5523681640625, 190.51068115234375, 149.7978515625]]"
image_0009.jpg,loud_speaker,19,0.93,"[[2215.36328125, 2032.891357421875, 188.284423828125, 149.4302978515625]]"
image_0009.jpg,ladder,16,0.92,"[[2215.3427734375, 2222.039306640625, 188.327880859375, 148.62451171875]]"
image_0009.jpg,namaste,21,0.91,"[[1080.6595458984375, 2409.98291015625, 188.37908935546875, 149.360595703125]]"
image_0009.jpg,sheep,30,0.9,"[[702.551513671875, 2032.483154296875, 189.5836181640625, 147.2257080078125]]"
image_0009.jpg,balance,0,0.88,"[[1460.026611328125, 2221.3984375, 187.2877197265625, 148.279052734375]]"
image_0009.jpg,cycle,5,0.88,"[[1838.249755859375, 1844.13232421875, 189.4212646484375, 148.8494873046875]]"
image_0009.jpg,lotus,18,0.87,"[[1081.062255859375, 2599.66162109375, 189.85284423828125, 147.065673828125]]"
image_0009.jpg,tree,36,0.87,"[[1837.9150390625, 1655.31005859375, 191.459228515625, 149.2554931640625]]"
image_0009.jpg,nepali_madal,25,0.86,"[[701.6728515625, 2601.50830078125, 187.16448974609375, 146.8359375]]"
image_0009.jpg,hoe,12,0.83,"[[1080.3380126953125, 1843.5054931640625, 190.05401611328125, 150.2802734375]]"
image_0009.jpg,star,31,0.82,"[[2215.54345703125, 1655.35693359375, 188.424560546875, 149.5042724609375]]"
image_0009.jpg,nepali_small_basket,26,0.81,"[[323.85736083984375, 2788.783203125, 187.0604705810547, 151.970947265625]]"
image_0009.jpg,water_glass,40,0.8,"[[701.0546875, 2221.9658203125, 188.86761474609375, 147.891845703125]]"
image_0009.jpg,conch,4,0.78,"[[1836.1522216796875, 2410.773681640625, 189.638671875, 147.17822265625]]"
image_0009.jpg,candle_light,2,0.75,"[[1080.6405029296875, 2032.0296630859375, 187.743896484375, 150.875244140625]]"
image_0009.jpg,water_jug,41,0.75,"[[325.8489990234375, 1844.058837890625, 190.14547729492188, 149.7666015625]]"
image_0009.jpg,tiger,34,0.69,"[[327.8184509277344, 2032.5728759765625, 191.14752197265625, 148.376708984375]]"
image_0009.jpg,nepali_cap,23,0.67,"[[325.97113037109375, 2409.830078125, 188.3349609375, 149.101318359375]]"
image_0009.jpg,torch_light,35,0.66,"[[1082.2711181640625, 2788.3447265625, 187.0029296875, 149.84619140625]]"
image_0009.jpg,house,13,0.65,"[[1081.10400390625, 2221.675537109375, 188.7403564453125, 148.150390625]]"
image_0009.jpg,wooden_wheel,43,0.62,"[[701.635986328125, 2788.552734375, 187.877197265625, 147.193603515625]]"
image_0009.jpg,mother_and_child,20,0.61,"[[1837.594482421875, 2788.97216796875, 190.2125244140625, 147.144287109375]]"
image_0009.jpg,invalid_stamp,14,0.61,"[[835.392333984375, 2229.91796875, 140.45794677734375, 142.377685546875]]"
image_0009.jpg,lock,17,0.6,"[[1459.375, 2788.390625, 191.9539794921875, 150.527587890625]]"
image_0009.jpg,dog,7,0.6,"[[1079.26416015625, 1654.2991943359375, 189.36102294921875, 148.89501953125]]"
image_0009.jpg,pen,28,0.59,"[[1837.617431640625, 2032.39892578125, 192.0657958984375, 150.0772705078125]]"
image_0009.jpg,key,15,0.58,"[[1459.9560546875, 2409.241455078125, 189.5648193359375, 151.70751953125]]"
image_0009.jpg,stick,32,0.56,"[[702.6690673828125, 1654.716064453125, 191.33758544921875, 150.0521240234375]]"
image_0009.jpg,nepali_madal,25,0.38,"[[1835.27099609375, 2221.7919921875, 187.369384765625, 150.186279296875]]"
image_0009.jpg,computer,3,0.36,"[[2216.73876953125, 2599.92822265625, 189.615966796875, 148.545654296875]]"
image_0009.jpg,conch,4,0.34,"[[1457.7962646484375, 1844.3143310546875, 188.261474609375, 149.447021484375]]"
image_0009.jpg,nepali_big_basket,22,0.3,"[[326.67156982421875, 1654.51611328125, 193.74874877929688, 149.8978271484375]]"
image_0009.jpg,balance,0,0.3,"[[327.1148681640625, 2599.2080078125, 188.8519287109375, 148.478759765625]]"
image_0009.jpg,owl,27,0.27,"[[1834.272705078125, 2220.59814453125, 185.4903564453125, 150.115966796875]]"
image_0009.jpg,turtle,37,0.26,"[[1458.9736328125, 2599.898193359375, 188.9503173828125, 148.50634765625]]"
image_0009.jpg,damphu,6,0.25,"[[1458.196044921875, 1843.18408203125, 186.6683349609375, 148.63720703125]]"
image_0010.jpg,umbrella,38,0.99,"[[1836.5562744140625, 1844.610595703125, 188.75732421875, 150.3465576171875]]"
image_0010.jpg,hand_palm,10,0.99,"[[325.6256408691406, 1843.549072265625, 189.11109924316406, 151.1824951171875]]"
image_0010.jpg,water_glass,40,0.98,"[[1458.96435546875, 1843.6470947265625, 187.3651123046875, 147.388671875]]"
image_0010.jpg,star,31,0.97,"[[1459.458740234375, 2033.0751953125, 187.8865966796875, 149.5875244140625]]"
image_0010.jpg,heart,11,0.97,"[[2215.2578125, 1654.6737060546875, 188.32080078125, 148.37353515625]]"
image_0010.jpg,dog,7,0.97,"[[1833.023681640625, 2600.295654296875, 185.5977783203125, 147.31982421875]]"
image_0010.jpg,ladder,16,0.96,"[[703.672119140625, 1843.86181640625, 190.2454833984375, 149.5303955078125]]"
image_0010.jpg,sun,33,0.96,"[[702.511474609375, 1654.14111328125, 186.939453125, 147.8057861328125]]"
image_0010.jpg,wooden_wheel,43,0.96,"[[324.9539489746094, 1654.470703125, 192.0600128173828, 148.182861328125]]"
image_0010.jpg,namaste,21,0.95,"[[1081.26171875, 2031.529296875, 190.46844482421875, 149.30029296875]]"
image_0010.jpg,lotus,18,0.95,"[[2216.03466796875, 2221.950927734375, 189.36279296875, 149.21533203125]]"
image_0010.jpg,hoe,12,0.94,"[[703.144287109375, 2599.5361328125, 191.6502685546875, 147.117431640625]]"
image_0010.jpg,roaster,29,0.9,"[[1082.3658447265625, 2788.8720703125, 191.69183349609375, 149.169189453125]]"
image_0010.jpg,nepali_small_basket,26,0.88,"[[324.34112548828125, 2410.90234375, 189.4986114501953, 148.694580078125]]"
image_0010.jpg,pen,28,0.87,"[[1081.2266845703125, 1843.82470703125, 192.441162109375, 149.8648681640625]]"
image_0010.jpg,torch_light,35,0.87,"[[1081.52880859375, 2222.04150390625, 189.181884765625, 149.355224609375]]"
image_0010.jpg,computer,3,0.86,"[[702.8402709960938, 2221.09521484375, 190.08935546875, 150.529541015625]]"
image_0010.jpg,nepali_madal,25,0.84,"[[1837.0494384765625, 2033.076416015625, 189.5888671875, 148.2425537109375]]"
image_0010.jpg,sheep,30,0.82,"[[1082.01953125, 1654.201416015625, 190.2642822265625, 147.83642578125]]"
image_0010.jpg,bus,1,0.81,"[[1836.27587890625, 2032.4671630859375, 190.692626953125, 146.432373046875]]"
image_0010.jpg,balance,0,0.79,"[[1459.215576171875, 2789.09326171875, 185.36279296875, 149.531005859375]]"
image_0010.jpg,loud_speaker,19,0.77,"[[327.0662841796875, 2221.46826171875, 187.8144073486328, 150.47998046875]]"
image_0010.jpg,mother_and_child,20,0.76,"[[1080.1451416015625, 2410.420654296875, 189.557373046875, 149.47802734375]]"
image_0010.jpg,tree,36,0.72,"[[1458.928466796875, 2221.5595703125, 187.084228515625, 150.365966796875]]"
image_0010.jpg,cycle,5,0.71,"[[2215.88671875, 1844.0361328125, 187.47509765625, 149.2823486328125]]"
image_0010.jpg,key,15,0.68,"[[1081.2572021484375, 2599.44140625, 188.99853515625, 147.03173828125]]"
image_0010.jpg,house,13,0.66,"[[2215.66357421875, 2031.98974609375, 189.5478515625, 148.2501220703125]]"
image_0010.jpg,water_jug,41,0.66,"[[327.338623046875, 2032.898681640625, 189.8226318359375, 146.9432373046875]]"
image_0010.jpg,conch,4,0.65,"[[1836.259521484375, 2786.83544921875, 188.4122314453125, 148.025146484375]]"
image_0010.jpg,lock,17,0.64,"[[1458.79736328125, 2599.96484375, 186.1412353515625, 151.74609375]]"
image_0010.jpg,bus,1,0.61,"[[702.8106079101562, 2221.9521484375, 190.510009765625, 150.88818359375]]"
image_0010.jpg,candle_light,2,0.59,"[[1458.40576171875, 2410.3486328125, 185.6400146484375, 150.003662109375]]"
image_0010.jpg,nepali_madal,25,0.58,"[[1455.443115234375, 1655.0880126953125, 184.3016357421875, 147.119140625]]"
image_0010.jpg,tiger,34,0.51,"[[1836.109619140625, 2410.9140625, 190.4254150390625, 149.194580078125]]"
image_0010.jpg,invalid_stamp,14,0.49,"[[851.0020751953125, 2790.809326171875, 179.4510498046875, 148.78515625]]"
image_0010.jpg,wooden_wheel,43,0.46,"[[702.8505249023438, 2787.400390625, 191.7476806640625, 147.618896484375]]"
image_0010.jpg,nepali_cap,23,0.45,"[[1838.099853515625, 2222.702392578125, 190.2008056640625, 147.06982421875]]"
image_0010.jpg,stick,32,0.44,"[[2217.95263671875, 2600.02392578125, 192.96826171875, 149.909912109375]]"
image_0010.jpg,wooden_wheel,43,0.42,"[[703.5155029296875, 2409.623046875, 191.52264404296875, 151.0009765625]]"
image_0010.jpg,turtle,37,0.4,"[[327.91778564453125, 2788.880859375, 188.81578063964844, 148.941162109375]]"
image_0010.jpg,dog,7,0.37,"[[703.57666015625, 2410.98779296875, 190.32696533203125, 148.683349609375]]"
image_0010.jpg,lotus,18,0.3,"[[704.2725219726562, 1654.181396484375, 189.699462890625, 147.1802978515625]]"
image_0010.jpg,house,13,0.3,"[[327.5133361816406, 2599.8486328125, 187.7015380859375, 147.675048828125]]"
image_0010.jpg,computer,3,0.3,"[[703.325439453125, 2033.1849365234375, 190.8411865234375, 148.014892578125]]"
image_0011.jpg,umbrella,38,0.99,"[[702.6738891601562, 1844.92626953125, 189.5947265625, 150.1187744140625]]"
image_0011.jpg,hand_palm,10,0.99,"[[703.6661376953125, 2221.614013671875, 190.554443359375, 149.19775390625]]"
image_0011.jpg,heart,11,0.98,"[[1079.5419921875, 1655.4815673828125, 188.73114013671875, 148.55517578125]]"
image_0011.jpg,dog,7,0.98,"[[2214.164306640625, 1843.536376953125, 185.40625, 149.120849609375]]"
image_0011.jpg,wooden_wheel,43,0.97,"[[1457.0921630859375, 2788.2802734375, 184.100830078125, 148.32421875]]"
image_0011.jpg,ladder,16,0.97,"[[2219.0302734375, 1654.48876953125, 193.362060546875, 148.157470703125]]"
image_0011.jpg,sun,33,0.97,"[[1836.1478271484375, 2599.9189453125, 189.6708984375, 147.266845703125]]"
image_0011.jpg,bus,1,0.96,"[[328.5209655761719, 1844.832763671875, 191.8721160888672, 149.6417236328125]]"
image_0011.jpg,namaste,21,0.96,"[[1459.897705078125, 2222.24853515625, 191.9085693359375, 148.941162109375]]"
image_0011.jpg,lotus,18,0.94,"[[325.9571533203125, 2410.8359375, 189.33541870117188, 150.341552734375]]"
image_0011.jpg,water_glass,40,0.91,"[[1457.760009765625, 2411.4150390625, 187.397705078125, 148.896728515625]]"
image_0011.jpg,nepali_small_basket,26,0.89,"[[2215.89208984375, 2788.236328125, 188.862060546875, 151.215087890625]]"
image_0011.jpg,candle_light,2,0.86,"[[1080.9581298828125, 2599.355224609375, 191.23699951171875, 149.2314453125]]"
image_0011.jpg,loud_speaker,19,0.86,"[[1081.01123046875, 1844.0830078125, 189.26531982421875, 149.0560302734375]]"
image_0011.jpg,cycle,5,0.86,"[[1837.32958984375, 2787.68017578125, 188.3533935546875, 148.5947265625]]"
image_0011.jpg,key,15,0.85,"[[1459.400146484375, 1654.6826171875, 187.3912353515625, 148.65576171875]]"
image_0011.jpg,torch_light,35,0.85,"[[1460.86474609375, 1844.5687255859375, 188.8812255859375, 149.461669921875]]"
image_0011.jpg,roaster,29,0.84,"[[1838.5635986328125, 2032.462890625, 190.1865234375, 146.4271240234375]]"
image_0011.jpg,balance,0,0.84,"[[2216.22607421875, 2221.1611328125, 188.738037109375, 149.658447265625]]"
image_0011.jpg,pen,28,0.83,"[[1837.58544921875, 2410.90283203125, 191.4188232421875, 150.588134765625]]"
image_0011.jpg,star,31,0.82,"[[326.240478515625, 2789.634521484375, 189.91644287109375, 149.4462890625]]"
image_0011.jpg,sheep,30,0.82,"[[327.48101806640625, 2032.8062744140625, 191.31936645507812, 148.253662109375]]"
image_0011.jpg,hoe,12,0.81,"[[2214.732421875, 2032.296875, 188.724365234375, 149.2230224609375]]"
image_0011.jpg,valid_stamp,39,0.77,"[[1613.257568359375, 2026.06689453125, 142.5775146484375, 146.1680908203125]]"
image_0011.jpg,mother_and_child,20,0.71,"[[329.2208251953125, 1654.3441162109375, 193.03298950195312, 149.2685546875]]"
image_0011.jpg,turtle,37,0.67,"[[702.951416015625, 2032.8984375, 191.14532470703125, 148.2706298828125]]"
image_0011.jpg,turtle,37,0.66,"[[2218.28955078125, 2409.46630859375, 189.704345703125, 150.670654296875]]"
image_0011.jpg,balance,0,0.66,"[[1080.349365234375, 2409.798828125, 189.86785888671875, 150.04150390625]]"
image_0011.jpg,computer,3,0.58,"[[1457.06640625, 2600.8740234375, 182.8492431640625, 145.629150390625]]"
image_0011.jpg,conch,4,0.58,"[[1079.977294921875, 2787.383056640625, 184.99151611328125, 147.14697265625]]"
image_0011.jpg,tiger,34,0.53,"[[703.0753173828125, 2032.7701416015625, 192.41448974609375, 148.325927734375]]"
image_0011.jpg,water_jug,41,0.51,"[[324.105224609375, 2599.2451171875, 188.7234344482422, 144.905029296875]]"
image_0011.jpg,lock,17,0.48,"[[1837.9403076171875, 1843.5650634765625, 191.136962890625, 151.65966796875]]"
image_0011.jpg,computer,3,0.46,"[[1079.9613037109375, 2221.31494140625, 190.01666259765625, 151.017822265625]]"
image_0011.jpg,nepali_cap,23,0.4,"[[701.8648681640625, 2411.4873046875, 188.1038818359375, 148.844970703125]]"
image_0011.jpg,lock,17,0.4,"[[702.4925537109375, 2789.4384765625, 193.61322021484375, 148.6015625]]"
image_0011.jpg,wooden_wheel,43,0.35,"[[1837.39453125, 1654.25537109375, 191.6356201171875, 149.1448974609375]]"
image_0011.jpg,dog,7,0.31,"[[702.7273559570312, 2600.5751953125, 190.567138671875, 146.6875]]"
image_0011.jpg,lotus,18,0.27,"[[1836.243408203125, 2601.27978515625, 190.7059326171875, 146.66748046875]]"
image_0011.jpg,nepali_madal,25,0.27,"[[1455.0382080078125, 2601.1259765625, 181.001220703125, 146.889404296875]]"
image_0011.jpg,dog,7,0.26,"[[1081.3846435546875, 2411.356201171875, 188.23614501953125, 150.1513671875]]"
image_0012.jpg,umbrella,38,0.99,"[[1080.2056884765625, 1843.796875, 187.99658203125, 149.7047119140625]]"
image_0012.jpg,hand_palm,10,0.99,"[[1458.51611328125, 2032.207763671875, 187.0589599609375, 147.4405517578125]]"
image_0012.jpg,cycle,5,0.99,"[[702.8564453125, 1654.55810546875, 190.1146240234375, 147.216064453125]]"
image_0012.jpg,dog,7,0.98,"[[1457.56982421875, 2410.34375, 187.7349853515625, 149.853759765625]]"
image_0012.jpg,ladder,16,0.98,"[[327.21942138671875, 2789.7421875, 190.3303680419922, 150.1357421875]]"
image_0012.jpg,water_glass,40,0.98,"[[1085.8096923828125, 1655.5948486328125, 198.51544189453125, 146.62109375]]"
image_0012.jpg,bus,1,0.98,"[[1458.563232421875, 2221.54345703125, 185.9349365234375, 150.140869140625]]"
image_0012.jpg,heart,11,0.97,"[[1837.5906982421875, 2600.6689453125, 189.693115234375, 145.27099609375]]"
image_0012.jpg,namaste,21,0.97,"[[2216.12451171875, 2221.677734375, 189.627197265625, 149.016845703125]]"
image_0012.jpg,nepali_small_basket,26,0.97,"[[701.4554443359375, 2220.78173828125, 188.99078369140625, 148.450927734375]]"
image_0012.jpg,roaster,29,0.95,"[[705.2967529296875, 2600.31396484375, 190.3048095703125, 147.448974609375]]"
image_0012.jpg,balance,0,0.95,"[[2215.7412109375, 1655.4864501953125, 187.470703125, 149.433349609375]]"
image_0012.jpg,wooden_wheel,43,0.94,"[[326.2981262207031, 1654.69873046875, 190.47528076171875, 147.51416015625]]"
image_0012.jpg,key,15,0.93,"[[1839.110595703125, 1843.978759765625, 192.129638671875, 150.33984375]]"
image_0012.jpg,stick,32,0.92,"[[1840.145751953125, 1655.13330078125, 194.9227294921875, 150.418212890625]]"
image_0012.jpg,lock,17,0.91,"[[1080.64404296875, 2221.86279296875, 188.765869140625, 149.120849609375]]"
image_0012.jpg,sun,33,0.85,"[[327.7351989746094, 1843.9130859375, 187.40869140625, 151.9102783203125]]"
image_0012.jpg,lotus,18,0.84,"[[702.46826171875, 2033.7974853515625, 190.8365478515625, 145.201416015625]]"
image_0012.jpg,star,31,0.84,"[[2216.791015625, 2410.78076171875, 188.77783203125, 150.08984375]]"
image_0012.jpg,hoe,12,0.83,"[[326.4853515625, 2222.015869140625, 191.10647583007812, 150.27978515625]]"
image_0012.jpg,candle_light,2,0.82,"[[2215.6162109375, 1844.656005859375, 187.782958984375, 151.5672607421875]]"
image_0012.jpg,conch,4,0.8,"[[1459.4964599609375, 1842.923583984375, 187.145751953125, 148.1378173828125]]"
image_0012.jpg,wooden_wheel,43,0.77,"[[2214.99853515625, 2788.6640625, 186.6943359375, 148.71337890625]]"
image_0012.jpg,loud_speaker,19,0.75,"[[1461.015869140625, 2599.962646484375, 190.2939453125, 146.6494140625]]"
image_0012.jpg,tree,36,0.72,"[[704.0501708984375, 2410.718017578125, 191.19647216796875, 152.251953125]]"
image_0012.jpg,torch_light,35,0.7,"[[327.98663330078125, 2411.14599609375, 189.9745330810547, 152.79248046875]]"
image_0012.jpg,water_jug,41,0.69,"[[1081.581298828125, 2788.20263671875, 186.5091552734375, 147.25634765625]]"
image_0012.jpg,farmer,8,0.69,"[[2214.15380859375, 2600.03466796875, 188.00390625, 148.532958984375]]"
image_0012.jpg,nepali_jug,24,0.68,"[[1837.218994140625, 2410.98583984375, 189.44775390625, 150.511474609375]]"
image_0012.jpg,torch_light,35,0.65,"[[326.5592346191406, 2599.35595703125, 189.7207489013672, 147.221923828125]]"
image_0012.jpg,dog,7,0.61,"[[702.9113159179688, 1844.59716796875, 191.685546875, 151.442138671875]]"
image_0012.jpg,invalid_stamp,14,0.57,"[[1207.729248046875, 1655.802001953125, 150.9068603515625, 145.7591552734375]]"
image_0012.jpg,mother_and_child,20,0.55,"[[1081.1435546875, 2600.7490234375, 188.54925537109375, 146.689453125]]"
image_0012.jpg,turtle,37,0.54,"[[1837.62646484375, 2221.32421875, 192.04638671875, 149.185302734375]]"
image_0012.jpg,tiger,34,0.52,"[[1461.85205078125, 2789.19580078125, 190.0537109375, 148.564697265625]]"
image_0012.jpg,tiger,34,0.47,"[[1081.163818359375, 2601.01416015625, 188.7012939453125, 147.813720703125]]"
image_0012.jpg,sheep,30,0.36,"[[2215.720458984375, 2033.0931396484375, 188.47900390625, 148.703369140625]]"
image_0012.jpg,nepali_cap,23,0.33,"[[327.36529541015625, 2031.91943359375, 189.67507934570312, 146.4029541015625]]"
image_0012.jpg,nepali_madal,25,0.28,"[[1455.21630859375, 1654.907470703125, 182.1651611328125, 146.9354248046875]]"
image_0012.jpg,lotus,18,0.26,"[[327.4736633300781, 1843.341064453125, 189.1328125, 151.2020263671875]]"
image_0012.jpg,computer,3,0.26,"[[1456.6192626953125, 1655.660888671875, 183.15234375, 147.7244873046875]]"
image_0013.jpg,cycle,5,0.99,"[[1835.42333984375, 2599.900390625, 187.6925048828125, 146.320556640625]]"
image_0013.jpg,umbrella,38,0.99,"[[703.0028076171875, 1844.370361328125, 189.76593017578125, 149.3038330078125]]"
image_0013.jpg,hand_palm,10,0.98,"[[328.7294921875, 2410.79541015625, 190.59010314941406, 148.933349609375]]"
image_0013.jpg,heart,11,0.98,"[[1458.016357421875, 2411.22412109375, 185.2872314453125, 149.191162109375]]"
image_0013.jpg,roaster,29,0.98,"[[1082.1356201171875, 2599.52099609375, 190.37884521484375, 146.348388671875]]"
image_0013.jpg,namaste,21,0.98,"[[1460.3873291015625, 2032.592529296875, 192.459716796875, 148.9678955078125]]"
image_0013.jpg,dog,7,0.96,"[[1078.8697509765625, 2222.30078125, 187.0126953125, 149.675537109375]]"
image_0013.jpg,ladder,16,0.96,"[[704.3311767578125, 2221.97607421875, 191.19451904296875, 149.525146484375]]"
image_0013.jpg,sun,33,0.96,"[[1459.1806640625, 1843.4306640625, 186.6654052734375, 149.2386474609375]]"
image_0013.jpg,water_glass,40,0.95,"[[1838.40771484375, 1654.827880859375, 193.7095947265625, 147.1204833984375]]"
image_0013.jpg,hoe,12,0.95,"[[324.23052978515625, 2032.7845458984375, 187.69290161132812, 148.613037109375]]"
image_0013.jpg,star,31,0.94,"[[1835.39990234375, 2221.39990234375, 188.8382568359375, 149.45751953125]]"
image_0013.jpg,lotus,18,0.93,"[[1458.6680908203125, 2600.12548828125, 185.07177734375, 148.210693359375]]"
image_0013.jpg,wooden_wheel,43,0.92,"[[1459.3173828125, 1654.552978515625, 186.5689697265625, 149.0599365234375]]"
image_0013.jpg,tree,36,0.91,"[[2216.38671875, 2601.41650390625, 189.2626953125, 148.4130859375]]"
image_0013.jpg,loud_speaker,19,0.9,"[[703.7203369140625, 2788.3154296875, 187.40460205078125, 149.736572265625]]"
image_0013.jpg,nepali_madal,25,0.88,"[[2211.83837890625, 1655.007568359375, 183.482421875, 149.5120849609375]]"
image_0013.jpg,balance,0,0.88,"[[1081.828857421875, 2788.7412109375, 189.47613525390625, 148.63134765625]]"
image_0013.jpg,lock,17,0.84,"[[2216.103271484375, 2221.1875, 187.85400390625, 148.925537109375]]"
image_0013.jpg,pen,28,0.84,"[[702.9208374023438, 2032.796630859375, 187.8828125, 150.1441650390625]]"
image_0013.jpg,nepali_small_basket,26,0.81,"[[2214.1259765625, 1844.322265625, 190.161865234375, 151.5809326171875]]"
image_0013.jpg,candle_light,2,0.8,"[[1836.8140869140625, 2032.6751708984375, 191.279541015625, 150.105712890625]]"
image_0013.jpg,balance,0,0.8,"[[1837.1319580078125, 2788.330078125, 189.199951171875, 149.022705078125]]"
image_0013.jpg,water_jug,41,0.8,"[[1082.8338623046875, 1654.833251953125, 195.09393310546875, 147.8289794921875]]"
image_0013.jpg,tiger,34,0.78,"[[704.7572021484375, 2411.0029296875, 191.4483642578125, 150.840576171875]]"
image_0013.jpg,nepali_cap,23,0.76,"[[1836.7587890625, 1842.943359375, 191.1239013671875, 149.489990234375]]"
image_0013.jpg,lotus,18,0.75,"[[1081.0068359375, 2032.76025390625, 188.2235107421875, 148.06689453125]]"
image_0013.jpg,conch,4,0.75,"[[1081.698974609375, 1843.353759765625, 190.6099853515625, 148.9053955078125]]"
image_0013.jpg,nepali_cap,23,0.62,"[[704.2386474609375, 1654.2869873046875, 189.23193359375, 147.56103515625]]"
image_0013.jpg,wooden_wheel,43,0.6,"[[324.01983642578125, 1655.7586669921875, 196.2333526611328, 149.851318359375]]"
image_0013.jpg,key,15,0.57,"[[327.505859375, 2600.454345703125, 190.56149291992188, 147.27587890625]]"
image_0013.jpg,dog,7,0.54,"[[1834.7960205078125, 2410.77587890625, 185.344482421875, 150.314697265625]]"
image_0013.jpg,mother_and_child,20,0.52,"[[1460.291259765625, 2221.583984375, 189.8291015625, 150.467529296875]]"
image_0013.jpg,dog,7,0.47,"[[2215.39404296875, 2031.437255859375, 186.164794921875, 148.2698974609375]]"
image_0013.jpg,key,15,0.46,"[[325.5442810058594, 2220.4326171875, 187.2063446044922, 149.843994140625]]"
image_0013.jpg,computer,3,0.46,"[[2217.46875, 2789.463134765625, 187.480224609375, 147.89453125]]"
image_0013.jpg,dog,7,0.45,"[[2216.3544921875, 2411.213623046875, 188.0908203125, 149.5009765625]]"
image_0013.jpg,computer,3,0.45,"[[703.7313232421875, 2600.20556640625, 191.71533203125, 151.857666015625]]"
image_0013.jpg,torch_light,35,0.44,"[[1460.2691650390625, 2788.29541015625, 185.925537109375, 149.763427734375]]"
image_0013.jpg,nepali_jug,24,0.43,"[[704.0326538085938, 2600.6318359375, 190.3985595703125, 146.412109375]]"
image_0013.jpg,owl,27,0.36,"[[2215.191162109375, 1843.8953857421875, 191.40185546875, 151.47119140625]]"
image_0013.jpg,turtle,37,0.32,"[[1080.3704833984375, 2410.93603515625, 187.498779296875, 150.018310546875]]"
image_0013.jpg,sheep,30,0.32,"[[2216.58544921875, 2409.87158203125, 188.901611328125, 149.255615234375]]"
image_0013.jpg,mother_and_child,20,0.27,"[[1079.0194091796875, 2411.37548828125, 186.42742919921875, 149.994140625]]"
image_0013.jpg,bus,1,0.26,"[[326.0570068359375, 2221.35205078125, 186.4071502685547, 150.6611328125]]"
image_0014.jpg,umbrella,38,0.98,"[[703.1685791015625, 2600.80029296875, 187.54010009765625, 147.199462890625]]"
image_0014.jpg,ladder,16,0.98,"[[702.752197265625, 2032.529052734375, 191.53302001953125, 149.0260009765625]]"
image_0014.jpg,dog,7,0.98,"[[1455.685546875, 2600.066650390625, 185.4500732421875, 147.576171875]]"
image_0014.jpg,nepali_cap,23,0.97,"[[1836.6611328125, 2788.05322265625, 187.048095703125, 148.61328125]]"
image_0014.jpg,water_glass,40,0.97,"[[1835.67822265625, 2599.567138671875, 190.3641357421875, 145.15380859375]]"
image_0014.jpg,bus,1,0.96,"[[326.99822998046875, 2222.15185546875, 189.39596557617188, 149.097900390625]]"
image_0014.jpg,lotus,18,0.96,"[[2214.585205078125, 2788.12939453125, 185.90380859375, 147.688720703125]]"
image_0014.jpg,hand_palm,10,0.96,"[[327.74432373046875, 2411.18115234375, 189.35543823242188, 149.4443359375]]"
image_0014.jpg,heart,11,0.96,"[[1836.17236328125, 1654.43408203125, 190.3345947265625, 148.527099609375]]"
image_0014.jpg,tree,36,0.94,"[[1081.3533935546875, 2032.8564453125, 190.740478515625, 149.15380859375]]"
image_0014.jpg,nepali_small_basket,26,0.93,"[[1836.38330078125, 1843.705322265625, 191.76220703125, 151.28662109375]]"
image_0014.jpg,namaste,21,0.92,"[[702.457275390625, 2788.55859375, 187.8720703125, 148.124755859375]]"
image_0014.jpg,wooden_wheel,43,0.91,"[[702.6756591796875, 2220.79833984375, 189.69439697265625, 148.580810546875]]"
image_0014.jpg,balance,0,0.9,"[[1837.0836181640625, 2033.1683349609375, 189.40234375, 148.578369140625]]"
image_0014.jpg,lock,17,0.88,"[[1460.1646728515625, 2032.374755859375, 188.636474609375, 150.0797119140625]]"
image_0014.jpg,candle_light,2,0.87,"[[1079.50634765625, 2788.56591796875, 191.40478515625, 149.769287109375]]"
image_0014.jpg,nepali_madal,25,0.86,"[[1079.6201171875, 1655.337158203125, 188.68011474609375, 149.06005859375]]"
image_0014.jpg,roaster,29,0.81,"[[1459.648681640625, 2412.0625, 187.2762451171875, 148.337646484375]]"
image_0014.jpg,star,31,0.77,"[[2216.76220703125, 1655.303466796875, 190.463623046875, 149.587646484375]]"
image_0014.jpg,dog,7,0.77,"[[702.6319580078125, 2410.41259765625, 186.60565185546875, 148.783447265625]]"
image_0014.jpg,loud_speaker,19,0.76,"[[326.5428161621094, 2598.705810546875, 192.7344512939453, 148.22607421875]]"
image_0014.jpg,sun,33,0.73,"[[327.47967529296875, 2788.292724609375, 191.82266235351562, 151.2197265625]]"
image_0014.jpg,water_jug,41,0.69,"[[1079.100341796875, 2600.511474609375, 189.13775634765625, 148.3212890625]]"
image_0014.jpg,cycle,5,0.67,"[[1080.9423828125, 1844.4051513671875, 186.55047607421875, 148.14892578125]]"
image_0014.jpg,pen,28,0.65,"[[1459.597412109375, 1843.169677734375, 188.1942138671875, 149.7523193359375]]"
image_0014.jpg,valid_stamp,39,0.64,"[[1215.682373046875, 2605.54833984375, 156.5859375, 148.382080078125]]"
image_0014.jpg,conch,4,0.63,"[[323.914306640625, 1655.0347900390625, 187.94161987304688, 146.90625]]"
image_0014.jpg,sheep,30,0.63,"[[2215.015625, 2221.87109375, 188.552490234375, 147.034912109375]]"
image_0014.jpg,tiger,34,0.62,"[[1460.367919921875, 2221.050048828125, 188.4757080078125, 149.2958984375]]"
image_0014.jpg,house,13,0.61,"[[1837.586181640625, 2410.6552734375, 190.7017822265625, 150.342529296875]]"
image_0014.jpg,key,15,0.55,"[[326.66424560546875, 1843.588623046875, 191.1378936767578, 149.5462646484375]]"
image_0014.jpg,lotus,18,0.51,"[[327.5218811035156, 2788.664794921875, 194.39402770996094, 150.7255859375]]"
image_0014.jpg,hoe,12,0.51,"[[2214.037353515625, 2410.813720703125, 189.4345703125, 151.95458984375]]"
image_0014.jpg,stick,32,0.49,"[[1080.4344482421875, 2220.6201171875, 192.52203369140625, 149.41650390625]]"
image_0014.jpg,wooden_wheel,43,0.49,"[[1460.4967041015625, 1654.156494140625, 193.6142578125, 146.341552734375]]"
image_0014.jpg,dog,7,0.46,"[[2216.01806640625, 2222.51513671875, 188.965576171875, 144.148681640625]]"
image_0014.jpg,mother_and_child,20,0.42,"[[2216.48095703125, 1845.13623046875, 190.285888671875, 151.2501220703125]]"
image_0014.jpg,torch_light,35,0.41,"[[1459.055419921875, 1843.177001953125, 186.85546875, 149.4957275390625]]"
image_0014.jpg,key,15,0.41,"[[2214.525390625, 2035.070556640625, 189.046630859375, 149.9034423828125]]"
image_0014.jpg,tiger,34,0.39,"[[1080.038330078125, 2411.14990234375, 192.51824951171875, 149.945556640625]]"
image_0014.jpg,turtle,37,0.38,"[[2215.021484375, 2599.39697265625, 187.662841796875, 148.165283203125]]"
image_0014.jpg,dog,7,0.38,"[[328.3246154785156, 2032.35009765625, 187.1093292236328, 150.0289306640625]]"
image_0014.jpg,nepali_madal,25,0.37,"[[1836.3712158203125, 2221.216552734375, 188.69091796875, 148.95556640625]]"
image_0014.jpg,damphu,6,0.37,"[[1079.516357421875, 2601.2265625, 188.2225341796875, 147.405517578125]]"
image_0014.jpg,nepali_madal,25,0.36,"[[326.9043884277344, 2032.320068359375, 189.9446563720703, 150.3837890625]]"
image_0014.jpg,roaster,29,0.31,"[[325.96295166015625, 2599.149169921875, 189.5426483154297, 147.5283203125]]"
image_0014.jpg,computer,3,0.3,"[[703.2440185546875, 1844.3406982421875, 192.86260986328125, 151.340576171875]]"
image_0014.jpg,hoe,12,0.28,"[[327.8148193359375, 1842.9842529296875, 190.61062622070312, 148.981201171875]]"
image_0014.jpg,nepali_jug,24,0.28,"[[703.414794921875, 1844.635498046875, 192.60308837890625, 150.9713134765625]]"
image_0014.jpg,balance,0,0.27,"[[703.64697265625, 1654.044921875, 194.94122314453125, 150.3746337890625]]"
image_0014.jpg,water_jug,41,0.25,"[[701.7059326171875, 2410.4013671875, 185.03790283203125, 149.083740234375]]"
